{"type": "metrics", "dataset": "train", "precision": 0.703806502775575, "balanced_accuracy": 0.6648149126273356, "recall": 0.37566137566137564, "f1_score": 0.4898578722229888}
{"type": "metrics", "dataset": "test", "precision": 0.6740600545950864, "balanced_accuracy": 0.6660814539544065, "recall": 0.38405036726128017, "f1_score": 0.4871880199667221}
{"type": "cm_matrix", "dataset": "train", "true_0": {"predicted_0": 15481, "predicted_1": 747}, "true_1": {"predicted_0": 2950, "predicted_1": 1775}}
{"type": "cm_matrix", "dataset": "test", "true_0": {"predicted_0": 6711, "predicted_1": 362}, "true_1": {"predicted_0": 1174, "predicted_1": 732}}
